agency,pk_session,harvest_data,dp_meeting,vitality_index,self_eval,field_planning,customer_meeting,agronomic_focus,owners_manual,water_reporter,pk_session_extra1,pk_session_extra2,plots_all,plots_rc_sxs,plots_comp_corn,as_planted,launch_2028,rep_reward,crop_condition_tour,summer_event
CW Seed,0,,,,,,,,,,,,,,,,,,,
Fitts Seeds,5,,,,,,,,,,,,,,,,,,,
Heiting Seed,0,,,,,,,,,,,,,,,,,,,
JK Dean Ag,5,,,,,,,,,,,,,,,,,,,
Keith Paul,5,,,,,,,,,,,,,,,,,,,
Marker Ag,0,,,,,,,,,,,,,,,,,,,
Meyer Seeds,5,,,,,,,,,,,,,,,,,,,
MK Seeds,5,,,,,,,,,,,,,,,,,,,
Soule Seed Company,5,,,,,,,,,,,,,,,,,,,
