agency,pk_session,early_order,harvest_data,dp_meeting,vitality_index,profiled_acres,self_eval,field_planning,customer_meeting,agronomic_focus,owners_manual,water_reporter,pk_session_fall,pk_session_winter,plots_all,plots_rc_sxs,plots_comp_corn,as_planted,launch_2028,rep_reward,crop_condition_tour,summer_event
CW Seed,0,25,,,,,,,,,,,,,,,,,,,,
Fitts Seeds,5,25,,,,,,,,,,,,,,,,,,,,
Heiting Seed,0,25,,,,,,,,,,,,,,,,,,,,
JK Dean Ag,5,25,,,,,,,,,,,,,,,,,,,,
Keith Paul,5,25,,,,,,,,,,,,,,,,,,,,
Marker Ag,0,25,,,,,,,,,,,,,,,,,,,,
Meyer Seeds,5,0,,,,,,,,,,,,,,,,,,,,
MK Seeds,5,25,,,,,,,,,,,,,,,,,,,,
Soule Seed Company,5,25,,,,,,,,,,,,,,,,,,,,
